{
    "name": "root",
    "gauges": {
        "KinematicMoveToGoal.Policy.Entropy.mean": {
            "value": -0.533591091632843,
            "min": -0.5346213579177856,
            "max": 1.4523357152938843,
            "count": 613
        },
        "KinematicMoveToGoal.Policy.Entropy.sum": {
            "value": -5310.29833984375,
            "min": -5356.95068359375,
            "max": 15852.1953125,
            "count": 613
        },
        "KinematicMoveToGoal.Environment.EpisodeLength.mean": {
            "value": 2499.0,
            "min": 59.94478527607362,
            "max": 2499.0,
            "count": 578
        },
        "KinematicMoveToGoal.Environment.EpisodeLength.sum": {
            "value": 7497.0,
            "min": 703.0,
            "max": 29977.0,
            "count": 578
        },
        "KinematicMoveToGoal.Step.mean": {
            "value": 6129961.0,
            "min": 9998.0,
            "max": 6129961.0,
            "count": 613
        },
        "KinematicMoveToGoal.Step.sum": {
            "value": 6129961.0,
            "min": 9998.0,
            "max": 6129961.0,
            "count": 613
        },
        "KinematicMoveToGoal.Policy.ExtrinsicValueEstimate.mean": {
            "value": -0.016257772222161293,
            "min": -0.7376636266708374,
            "max": 0.04153088480234146,
            "count": 613
        },
        "KinematicMoveToGoal.Policy.ExtrinsicValueEstimate.sum": {
            "value": -2.5849857330322266,
            "min": -163.39451599121094,
            "max": 9.302918434143066,
            "count": 613
        },
        "KinematicMoveToGoal.Environment.CumulativeReward.mean": {
            "value": -2.0454955461124578,
            "min": -4.5921387252165005,
            "max": 0.4051707200706005,
            "count": 578
        },
        "KinematicMoveToGoal.Environment.CumulativeReward.sum": {
            "value": -6.136486638337374,
            "min": -454.67291833250783,
            "max": 0.4051707200706005,
            "count": 578
        },
        "KinematicMoveToGoal.Policy.ExtrinsicReward.mean": {
            "value": -2.0454955461124578,
            "min": -4.5921387252165005,
            "max": 0.4051707200706005,
            "count": 578
        },
        "KinematicMoveToGoal.Policy.ExtrinsicReward.sum": {
            "value": -6.136486638337374,
            "min": -454.67291833250783,
            "max": 0.4051707200706005,
            "count": 578
        },
        "KinematicMoveToGoal.Losses.PolicyLoss.mean": {
            "value": 0.03575418672982778,
            "min": 0.021580653737764806,
            "max": 0.13981963399797678,
            "count": 612
        },
        "KinematicMoveToGoal.Losses.PolicyLoss.sum": {
            "value": 0.03575418672982778,
            "min": 0.021580653737764806,
            "max": 0.1727988460403867,
            "count": 612
        },
        "KinematicMoveToGoal.Losses.ValueLoss.mean": {
            "value": 1.939970519329037e-06,
            "min": 2.5157114631468857e-08,
            "max": 0.1376909075677395,
            "count": 612
        },
        "KinematicMoveToGoal.Losses.ValueLoss.sum": {
            "value": 1.939970519329037e-06,
            "min": 2.5157114631468857e-08,
            "max": 0.24483737811446188,
            "count": 612
        },
        "KinematicMoveToGoal.Policy.LearningRate.mean": {
            "value": 0.000263262126245962,
            "min": 0.000263262126245962,
            "max": 0.00029994613201795597,
            "count": 612
        },
        "KinematicMoveToGoal.Policy.LearningRate.sum": {
            "value": 0.000263262126245962,
            "min": 0.000263262126245962,
            "max": 0.0005989789743403419,
            "count": 612
        },
        "KinematicMoveToGoal.Policy.Epsilon.mean": {
            "value": 0.18775403799999998,
            "min": 0.18775403799999998,
            "max": 0.19998204400000003,
            "count": 612
        },
        "KinematicMoveToGoal.Policy.Epsilon.sum": {
            "value": 0.18775403799999998,
            "min": 0.18775403799999998,
            "max": 0.3996596580000001,
            "count": 612
        },
        "KinematicMoveToGoal.Policy.Beta.mean": {
            "value": 0.0043889264962,
            "min": 0.0043889264962,
            "max": 0.0049991039955999995,
            "count": 612
        },
        "KinematicMoveToGoal.Policy.Beta.sum": {
            "value": 0.0043889264962,
            "min": 0.0043889264962,
            "max": 0.0099830169342,
            "count": 612
        },
        "KinematicMoveToGoal.IsTraining.mean": {
            "value": 1.0,
            "min": 1.0,
            "max": 1.0,
            "count": 613
        },
        "KinematicMoveToGoal.IsTraining.sum": {
            "value": 1.0,
            "min": 1.0,
            "max": 1.0,
            "count": 613
        }
    },
    "metadata": {
        "timer_format_version": "0.1.0",
        "start_time_seconds": "1636504504",
        "python_version": "3.9.7 | packaged by conda-forge | (default, Sep 29 2021, 19:24:02) \n[Clang 11.1.0 ]",
        "command_line_arguments": "/Users/jcroteau/miniforge3/envs/ml-agents/bin/mlagents-learn config/RecurrentKinematicMoveToGoal.yaml --run-id SepLogicModReward --initialize-from SepLogic",
        "mlagents_version": "0.28.0.dev0",
        "mlagents_envs_version": "0.28.0.dev0",
        "communication_protocol_version": "1.5.0",
        "pytorch_version": "1.10.0",
        "numpy_version": "1.19.5",
        "end_time_seconds": "1636507337"
    },
    "total": 2832.996315166,
    "count": 1,
    "self": 0.0035375399997974455,
    "children": {
        "run_training.setup": {
            "total": 0.031226834000000037,
            "count": 1,
            "self": 0.031226834000000037
        },
        "TrainerController.start_learning": {
            "total": 2832.9615507920003,
            "count": 1,
            "self": 4.241738233049091,
            "children": {
                "TrainerController._reset_env": {
                    "total": 5.30458725,
                    "count": 1,
                    "self": 5.30458725
                },
                "TrainerController.advance": {
                    "total": 2823.279735683951,
                    "count": 396318,
                    "self": 2.125482311903397,
                    "children": {
                        "env_step": {
                            "total": 2821.1542533720476,
                            "count": 396318,
                            "self": 2450.412298137072,
                            "children": {
                                "SubprocessEnvManager._take_step": {
                                    "total": 368.20175048205914,
                                    "count": 396319,
                                    "self": 13.679871958068532,
                                    "children": {
                                        "TorchPolicy.evaluate": {
                                            "total": 354.5218785239906,
                                            "count": 383326,
                                            "self": 38.36932850207603,
                                            "children": {
                                                "TorchPolicy.sample_actions": {
                                                    "total": 316.1525500219146,
                                                    "count": 383326,
                                                    "self": 316.1525500219146
                                                }
                                            }
                                        }
                                    }
                                },
                                "workers": {
                                    "total": 2.54020475291634,
                                    "count": 396317,