{
    "name": "root",
    "gauges": {
        "KinematicMoveToGoal.Policy.Entropy.mean": {
            "value": 1.4107112884521484,
            "min": 1.4087077379226685,
            "max": 1.4189382791519165,
            "count": 7
        },
        "KinematicMoveToGoal.Policy.Entropy.sum": {
            "value": 14084.5419921875,
            "min": 13485.0546875,
            "max": 15069.125,
            "count": 7
        },
        "KinematicMoveToGoal.Step.mean": {
            "value": 69981.0,
            "min": 9973.0,
            "max": 69981.0,
            "count": 7
        },
        "KinematicMoveToGoal.Step.sum": {
            "value": 69981.0,
            "min": 9973.0,
            "max": 69981.0,
            "count": 7
        },
        "KinematicMoveToGoal.Policy.ExtrinsicValueEstimate.mean": {
            "value": 38.224098205566406,
            "min": -0.3852497339248657,
            "max": 110.08126068115234,
            "count": 7
        },
        "KinematicMoveToGoal.Policy.ExtrinsicValueEstimate.sum": {
            "value": 6039.4072265625,
            "min": -60.09895706176758,
            "max": 18053.326171875,
            "count": 7
        },
        "KinematicMoveToGoal.Environment.EpisodeLength.mean": {
            "value": 1383.5,
            "min": 116.0,
            "max": 1999.0,
            "count": 6
        },
        "KinematicMoveToGoal.Environment.EpisodeLength.sum": {
            "value": 5534.0,
            "min": 116.0,
            "max": 23988.0,
            "count": 6
        },
        "KinematicMoveToGoal.Environment.CumulativeReward.mean": {
            "value": -76.38384704524651,
            "min": -76.38384704524651,
            "max": 99999.88131249696,
            "count": 6
        },
        "KinematicMoveToGoal.Environment.CumulativeReward.sum": {
            "value": -305.53538818098605,
            "min": -319.8805908700451,
            "max": 199898.24913926423,
            "count": 6
        },
        "KinematicMoveToGoal.Policy.ExtrinsicReward.mean": {
            "value": -76.38384704524651,
            "min": -76.38384704524651,
            "max": 99999.88131249696,
            "count": 6
        },
        "KinematicMoveToGoal.Policy.ExtrinsicReward.sum": {
            "value": -305.53538818098605,
            "min": -319.8805908700451,
            "max": 199898.24913926423,
            "count": 6
        },
        "KinematicMoveToGoal.IsTraining.mean": {
            "value": 1.0,
            "min": 1.0,
            "max": 1.0,
            "count": 7
        },
        "KinematicMoveToGoal.IsTraining.sum": {
            "value": 1.0,
            "min": 1.0,
            "max": 1.0,
            "count": 7
        },
        "KinematicMoveToGoal.Losses.PolicyLoss.mean": {
            "value": 0.02528263773070648,
            "min": 0.021455990541144273,
            "max": 0.02541984728712123,
            "count": 6
        },
        "KinematicMoveToGoal.Losses.PolicyLoss.sum": {
            "value": 0.02528263773070648,
            "min": 0.021455990541144273,
            "max": 0.02541984728712123,
            "count": 6
        },
        "KinematicMoveToGoal.Losses.ValueLoss.mean": {
            "value": 293.1342733764648,
            "min": 46.46799640655517,
            "max": 9898108.159370117,
            "count": 6
        },
        "KinematicMoveToGoal.Losses.ValueLoss.sum": {
            "value": 293.1342733764648,
            "min": 46.46799640655517,
            "max": 9898108.159370117,
            "count": 6
        },
        "KinematicMoveToGoal.Policy.LearningRate.mean": {
            "value": 0.00029634078121973997,
            "min": 0.00029634078121973997,
            "max": 0.00029939778020074,
            "count": 6
        },
        "KinematicMoveToGoal.Policy.LearningRate.sum": {
            "value": 0.00029634078121973997,
            "min": 0.00029634078121973997,
            "max": 0.00029939778020074,
            "count": 6
        },
        "KinematicMoveToGoal.Policy.Epsilon.mean": {
            "value": 0.19878026,
            "min": 0.19878026,
            "max": 0.19979926000000003,
            "count": 6
        },
        "KinematicMoveToGoal.Policy.Epsilon.sum": {
            "value": 0.19878026,
            "min": 0.19878026,
            "max": 0.19979926000000003,
            "count": 6
        },
        "KinematicMoveToGoal.Policy.Beta.mean": {
            "value": 0.004939134974,
            "min": 0.004939134974,
            "max": 0.0049899830740000005,
            "count": 6
        },
        "KinematicMoveToGoal.Policy.Beta.sum": {
            "value": 0.004939134974,
            "min": 0.004939134974,
            "max": 0.0049899830740000005,
            "count": 6
        }
    },
    "metadata": {
        "timer_format_version": "0.1.0",
        "start_time_seconds": "1627088148",
        "python_version": "3.8.10 | packaged by conda-forge | (default, May 11 2021, 06:27:18) \n[Clang 11.1.0 ]",
        "command_line_arguments": "/Users/jcroteau/miniforge3/envs/pytorch/bin/mlagents-learn config/KinematicMoveToGoal.yaml --run-id=Kinematic12",
        "mlagents_version": "0.28.0.dev0",
        "mlagents_envs_version": "0.28.0.dev0",
        "communication_protocol_version": "1.5.0",
        "pytorch_version": "1.8.0",
        "numpy_version": "1.21.0",
        "end_time_seconds": "1627088297"
    },
    "total": 149.35999883399998,
    "count": 1,
    "self": 0.0025540839999962373,
    "children": {
        "run_training.setup": {
            "total": 0.024979708000000045,
            "count": 1,
            "self": 0.024979708000000045
        },
        "TrainerController.start_learning": {
            "total": 149.332465042,
            "count": 1,
            "self": 0.06483083399993461,
            "children": {
                "TrainerController._reset_env": {
                    "total": 9.984800833000001,
                    "count": 1,
                    "self": 9.984800833000001
                },
                "TrainerController.advance": {
                    "total": 139.22058324900004,
                    "count": 5908,
                    "self": 0.03324320200073316,
                    "children": {
                        "env_step": {
                            "total": 139.1873400469993,
                            "count": 5908,
                            "self": 129.05363392599997,
                            "children": {
                                "SubprocessEnvManager._take_step": {
                                    "total": 10.095404233999899,
                                    "count": 5908,
                                    "self": 0.17643483199956655,
                                    "children": {
                                        "TorchPolicy.evaluate": {
                                            "total": 9.918969402000332,
                                            "count": 5897,
                                            "self": 1.0540364520003411,
                                            "children": {
                                                "TorchPolicy.sample_actions": {
                                                    "total": 8.864932949999991,
                                                    "count": 5897,
                                                    "self": 8.864932949999991
                                                }
                                            }
                                        }
                                    }
                                },
                                "workers": {
                                    "total": 0.03830188699944692,
                                    "count": 5907,
                                    "self": 0.0,