{
    "name": "root",
    "gauges": {
        "KinematicMoveToGoal.Policy.Entropy.mean": {
            "value": 1.4330356121063232,
            "min": 1.418938398361206,
            "max": 1.4330356121063232,
            "count": 5
        },
        "KinematicMoveToGoal.Policy.Entropy.sum": {
            "value": 14565.3740234375,
            "min": 13928.9326171875,
            "max": 14830.744140625,
            "count": 5
        },
        "KinematicMoveToGoal.Step.mean": {
            "value": 49957.0,
            "min": 9959.0,
            "max": 49957.0,
            "count": 5
        },
        "KinematicMoveToGoal.Step.sum": {
            "value": 49957.0,
            "min": 9959.0,
            "max": 49957.0,
            "count": 5
        },
        "KinematicMoveToGoal.Policy.ExtrinsicValueEstimate.mean": {
            "value": -18.088199615478516,
            "min": -22.434961318969727,
            "max": -0.09027998149394989,
            "count": 5
        },
        "KinematicMoveToGoal.Policy.ExtrinsicValueEstimate.sum": {
            "value": -2966.46484375,
            "min": -3679.333740234375,
            "max": -14.083677291870117,
            "count": 5
        },
        "KinematicMoveToGoal.Environment.EpisodeLength.mean": {
            "value": 1847.7272727272727,
            "min": 742.0,
            "max": 1999.0,
            "count": 5
        },
        "KinematicMoveToGoal.Environment.EpisodeLength.sum": {
            "value": 20325.0,
            "min": 742.0,
            "max": 20325.0,
            "count": 5
        },
        "KinematicMoveToGoal.Environment.CumulativeReward.mean": {
            "value": -910.9395478133282,
            "min": -10000.767738316208,
            "max": -2.0000000931322575,
            "count": 5
        },
        "KinematicMoveToGoal.Environment.CumulativeReward.sum": {
            "value": -10020.33502594661,
            "min": -20001.535476632416,
            "max": -20.000000931322575,
            "count": 5
        },
        "KinematicMoveToGoal.Policy.ExtrinsicReward.mean": {
            "value": -910.9395478133282,
            "min": -10000.767738316208,
            "max": -2.0000000931322575,
            "count": 5
        },
        "KinematicMoveToGoal.Policy.ExtrinsicReward.sum": {
            "value": -10020.33502594661,
            "min": -20001.535476632416,
            "max": -20.000000931322575,
            "count": 5
        },
        "KinematicMoveToGoal.IsTraining.mean": {
            "value": 1.0,
            "min": 1.0,
            "max": 1.0,
            "count": 5
        },
        "KinematicMoveToGoal.IsTraining.sum": {
            "value": 1.0,
            "min": 1.0,
            "max": 1.0,
            "count": 5
        },
        "KinematicMoveToGoal.Losses.PolicyLoss.mean": {
            "value": 0.022691747011413098,
            "min": 0.022037115356652065,
            "max": 0.028828804674558343,
            "count": 4
        },
        "KinematicMoveToGoal.Losses.PolicyLoss.sum": {
            "value": 0.022691747011413098,
            "min": 0.022037115356652065,
            "max": 0.028828804674558343,
            "count": 4
        },
        "KinematicMoveToGoal.Losses.ValueLoss.mean": {
            "value": 53504.83569343567,
            "min": 563.0198919296265,
            "max": 95136.57135742187,
            "count": 4
        },
        "KinematicMoveToGoal.Losses.ValueLoss.sum": {
            "value": 53504.83569343567,
            "min": 563.0198919296265,
            "max": 95136.57135742187,
            "count": 4
        },
        "KinematicMoveToGoal.Policy.LearningRate.mean": {
            "value": 0.0002975469008177,
            "min": 0.0002975469008177,
            "max": 0.00029939862020046,
            "count": 4
        },
        "KinematicMoveToGoal.Policy.LearningRate.sum": {
            "value": 0.0002975469008177,
            "min": 0.0002975469008177,
            "max": 0.00029939862020046,
            "count": 4
        },
        "KinematicMoveToGoal.Policy.Epsilon.mean": {
            "value": 0.1991823,
            "min": 0.1991823,
            "max": 0.19979954000000003,
            "count": 4
        },
        "KinematicMoveToGoal.Policy.Epsilon.sum": {
            "value": 0.1991823,
            "min": 0.1991823,
            "max": 0.19979954000000003,
            "count": 4
        },
        "KinematicMoveToGoal.Policy.Beta.mean": {
            "value": 0.00495919677,
            "min": 0.00495919677,
            "max": 0.004989997046,
            "count": 4
        },
        "KinematicMoveToGoal.Policy.Beta.sum": {
            "value": 0.00495919677,
            "min": 0.00495919677,
            "max": 0.004989997046,
            "count": 4
        }
    },
    "metadata": {
        "timer_format_version": "0.1.0",
        "start_time_seconds": "1627087390",
        "python_version": "3.8.10 | packaged by conda-forge | (default, May 11 2021, 06:27:18) \n[Clang 11.1.0 ]",
        "command_line_arguments": "/Users/jcroteau/miniforge3/envs/pytorch/bin/mlagents-learn config/KinematicMoveToGoal.yaml --run-id=Kinematic9",
        "mlagents_version": "0.28.0.dev0",
        "mlagents_envs_version": "0.28.0.dev0",
        "communication_protocol_version": "1.5.0",
        "pytorch_version": "1.8.0",
        "numpy_version": "1.21.0",
        "end_time_seconds": "1627087501"
    },
    "total": 110.381692084,
    "count": 1,
    "self": 0.002537042000000156,
    "children": {
        "run_training.setup": {
            "total": 0.023061583000000052,
            "count": 1,
            "self": 0.023061583000000052
        },
        "TrainerController.start_learning": {
            "total": 110.356093459,
            "count": 1,
            "self": 0.05152025200023047,
            "children": {
                "TrainerController._reset_env": {
                    "total": 10.869536375000001,
                    "count": 1,
                    "self": 10.869536375000001
                },
                "TrainerController.advance": {
                    "total": 99.36846087499978,
                    "count": 4733,
                    "self": 0.026604990999814504,
                    "children": {
                        "env_step": {
                            "total": 99.34185588399997,
                            "count": 4733,
                            "self": 91.02751297200008,
                            "children": {
                                "SubprocessEnvManager._take_step": {
                                    "total": 8.285251422000014,
                                    "count": 4733,
                                    "self": 0.13535117999927238,
                                    "children": {
                                        "TorchPolicy.evaluate": {
                                            "total": 8.149900242000742,
                                            "count": 4727,
                                            "self": 0.9489659020005465,
                                            "children": {
                                                "TorchPolicy.sample_actions": {
                                                    "total": 7.200934340000195,
                                                    "count": 4727,
                                                    "self": 7.200934340000195
                                                }
                                            }
                                        }
                                    }
                                },
                                "workers": {
                                    "total": 0.029091489999867548,
                                    "count": 4732,
                                    "self": 0.0,