{
    "name": "root",
    "gauges": {
        "KinematicMoveToGoal.Policy.Entropy.mean": {
            "value": 0.10224881768226624,
            "min": 0.10205436497926712,
            "max": 1.5746426582336426,
            "count": 4296
        },
        "KinematicMoveToGoal.Policy.Entropy.sum": {
            "value": 1020.8521728515625,
            "min": 990.8228149414062,
            "max": 17180.9609375,
            "count": 4296
        },
        "KinematicMoveToGoal.Step.mean": {
            "value": 49999967.0,
            "min": 7049965.0,
            "max": 49999967.0,
            "count": 4296
        },
        "KinematicMoveToGoal.Step.sum": {
            "value": 49999967.0,
            "min": 7049965.0,
            "max": 49999967.0,
            "count": 4296
        },
        "KinematicMoveToGoal.Policy.ExtrinsicValueEstimate.mean": {
            "value": 151.62950134277344,
            "min": -36.09259796142578,
            "max": 170.42393493652344,
            "count": 4296
        },
        "KinematicMoveToGoal.Policy.ExtrinsicValueEstimate.sum": {
            "value": 23957.4609375,
            "min": -5666.5380859375,
            "max": 27126.8828125,
            "count": 4296
        },
        "KinematicMoveToGoal.Environment.EpisodeLength.mean": {
            "value": 1727.25,
            "min": 116.2,
            "max": 3000.0,
            "count": 4287
        },
        "KinematicMoveToGoal.Environment.EpisodeLength.sum": {
            "value": 6909.0,
            "min": 164.0,
            "max": 25664.0,
            "count": 4287
        },
        "KinematicMoveToGoal.Environment.CumulativeReward.mean": {
            "value": 71381.35896682739,
            "min": -26150.879203796387,
            "max": 99770.2956237793,
            "count": 4287
        },
        "KinematicMoveToGoal.Environment.CumulativeReward.sum": {
            "value": 285525.43586730957,
            "min": -266706.4502258301,
            "max": 3746707.9765167236,
            "count": 4287
        },
        "KinematicMoveToGoal.Policy.ExtrinsicReward.mean": {
            "value": 71381.35896682739,
            "min": -26150.879203796387,
            "max": 99770.2956237793,
            "count": 4287
        },
        "KinematicMoveToGoal.Policy.ExtrinsicReward.sum": {
            "value": 285525.43586730957,
            "min": -266706.4502258301,
            "max": 3746707.9765167236,
            "count": 4287
        },
        "KinematicMoveToGoal.IsTraining.mean": {
            "value": 1.0,
            "min": 1.0,
            "max": 1.0,
            "count": 4296
        },
        "KinematicMoveToGoal.IsTraining.sum": {
            "value": 1.0,
            "min": 1.0,
            "max": 1.0,
            "count": 4296
        },
        "KinematicMoveToGoal.Losses.PolicyLoss.mean": {
            "value": 0.06830843016505242,
            "min": 0.01704973353538662,
            "max": 0.11054683985887095,
            "count": 4294
        },
        "KinematicMoveToGoal.Losses.PolicyLoss.sum": {
            "value": 0.06830843016505242,
            "min": 0.01704973353538662,
            "max": 0.17114608466159553,
            "count": 4294
        },
        "KinematicMoveToGoal.Losses.ValueLoss.mean": {
            "value": 9307544.708720703,
            "min": 787.019136352539,
            "max": 211002971.08,
            "count": 4294
        },
        "KinematicMoveToGoal.Losses.ValueLoss.sum": {
            "value": 9307544.708720703,
            "min": 787.019136352539,
            "max": 212393594.37656248,
            "count": 4294
        },
        "KinematicMoveToGoal.Policy.LearningRate.mean": {
            "value": 1.4265995278004341e-08,
            "min": 1.4265995278004341e-08,
            "max": 0.0002576959161013659,
            "count": 4294
        },
        "KinematicMoveToGoal.Policy.LearningRate.sum": {
            "value": 1.4265995278004341e-08,
            "min": 1.4265995278004341e-08,
            "max": 0.0005147404424198619,
            "count": 4294
        },
        "KinematicMoveToGoal.Policy.Epsilon.mean": {
            "value": 0.10000472200000003,
            "min": 0.10000472200000003,
            "max": 0.18589863400000003,
            "count": 4294
        },
        "KinematicMoveToGoal.Policy.Epsilon.sum": {
            "value": 0.10000472200000003,
            "min": 0.10000472200000003,
            "max": 0.37158013800000006,
            "count": 4294
        },
        "KinematicMoveToGoal.Policy.Beta.mean": {
            "value": 1.0235627800000074e-05,
            "min": 1.0235627800000074e-05,
            "max": 0.0042963418366,
            "count": 4294
        },
        "KinematicMoveToGoal.Policy.Beta.sum": {
            "value": 1.0235627800000074e-05,
            "min": 1.0235627800000074e-05,
            "max": 0.008581848886200002,
            "count": 4294
        }
    },
    "metadata": {
        "timer_format_version": "0.1.0",
        "start_time_seconds": "1635172397",
        "python_version": "3.9.7 | packaged by conda-forge | (default, Sep 29 2021, 19:24:02) \n[Clang 11.1.0 ]",
        "command_line_arguments": "/Users/jcroteau/miniforge3/envs/ml-agents/bin/mlagents-learn config/RecurrentKinematicMoveToGoal.yaml --run-id=RecurrentNoStacks2 --resume",
        "mlagents_version": "0.28.0.dev0",
        "mlagents_envs_version": "0.28.0.dev0",
        "communication_protocol_version": "1.5.0",
        "pytorch_version": "1.10.0",
        "numpy_version": "1.19.5",
        "end_time_seconds": "1635203521"
    },
    "total": 31123.392301583,
    "count": 1,
    "self": 0.0050645419978536665,
    "children": {
        "run_training.setup": {
            "total": 0.029281250000000036,
            "count": 1,
            "self": 0.029281250000000036
        },
        "TrainerController.start_learning": {
            "total": 31123.357955791,
            "count": 1,
            "self": 43.07585427580125,
            "children": {
                "TrainerController._reset_env": {
                    "total": 5.299997666,
                    "count": 1,
                    "self": 5.299997666
                },
                "TrainerController.advance": {
                    "total": 31074.870630681206,
                    "count": 3623701,
                    "self": 21.069164945340162,
                    "children": {
                        "env_step": {
                            "total": 31053.801465735865,
                            "count": 3623701,
                            "self": 27731.299570953113,
                            "children": {
                                "SubprocessEnvManager._take_step": {
                                    "total": 3298.1425237094986,
                                    "count": 3623702,
                                    "self": 128.7058669825683,
                                    "children": {
                                        "TorchPolicy.evaluate": {
                                            "total": 3169.4366567269303,
                                            "count": 3579991,
                                            "self": 387.4820694322384,
                                            "children": {
                                                "TorchPolicy.sample_actions": {
                                                    "total": 2781.954587294692,
                                                    "count": 3579991,
                                                    "self": 2781.954587294692
                                                }
                                            }
                                        }
                                    }
                                },
                                "workers": {
                                    "total": 24.359371073254273,
                                    "count": 3623701,