{
    "name": "root",
    "gauges": {
        "KinematicMoveToGoal.Policy.Entropy.mean": {
            "value": 1.420920968055725,
            "min": 1.415713906288147,
            "max": 1.420920968055725,
            "count": 6
        },
        "KinematicMoveToGoal.Policy.Entropy.sum": {
            "value": 14231.9443359375,
            "min": 14007.302734375,
            "max": 15347.2373046875,
            "count": 6
        },
        "KinematicMoveToGoal.Step.mean": {
            "value": 59937.0,
            "min": 9980.0,
            "max": 59937.0,
            "count": 6
        },
        "KinematicMoveToGoal.Step.sum": {
            "value": 59937.0,
            "min": 9980.0,
            "max": 59937.0,
            "count": 6
        },
        "KinematicMoveToGoal.Policy.ExtrinsicValueEstimate.mean": {
            "value": -0.07570942491292953,
            "min": -0.4181528389453888,
            "max": -0.07570942491292953,
            "count": 6
        },
        "KinematicMoveToGoal.Policy.ExtrinsicValueEstimate.sum": {
            "value": -11.962088584899902,
            "min": -65.23184204101562,
            "max": -11.962088584899902,
            "count": 6
        },
        "KinematicMoveToGoal.Environment.EpisodeLength.mean": {
            "value": 945.1428571428571,
            "min": 509.0,
            "max": 999.0,
            "count": 6
        },
        "KinematicMoveToGoal.Environment.EpisodeLength.sum": {
            "value": 6616.0,
            "min": 1018.0,
            "max": 15984.0,
            "count": 6
        },
        "KinematicMoveToGoal.Environment.CumulativeReward.mean": {
            "value": -1.9339429438114166,
            "min": -2.0596000884970027,
            "max": -1.0186000391840935,
            "count": 6
        },
        "KinematicMoveToGoal.Environment.CumulativeReward.sum": {
            "value": -13.537600606679916,
            "min": -30.894001327455044,
            "max": -2.037200078368187,
            "count": 6
        },
        "KinematicMoveToGoal.Policy.ExtrinsicReward.mean": {
            "value": -1.9339429438114166,
            "min": -2.0596000884970027,
            "max": -1.0186000391840935,
            "count": 6
        },
        "KinematicMoveToGoal.Policy.ExtrinsicReward.sum": {
            "value": -13.537600606679916,
            "min": -30.894001327455044,
            "max": -2.037200078368187,
            "count": 6
        },
        "KinematicMoveToGoal.IsTraining.mean": {
            "value": 1.0,
            "min": 1.0,
            "max": 1.0,
            "count": 6
        },
        "KinematicMoveToGoal.IsTraining.sum": {
            "value": 1.0,
            "min": 1.0,
            "max": 1.0,
            "count": 6
        },
        "KinematicMoveToGoal.Losses.PolicyLoss.mean": {
            "value": 0.06897758796811104,
            "min": 0.06897758796811104,
            "max": 0.104382953052409,
            "count": 5
        },
        "KinematicMoveToGoal.Losses.PolicyLoss.sum": {
            "value": 0.06897758796811104,
            "min": 0.06897758796811104,
            "max": 0.104382953052409,
            "count": 5
        },
        "KinematicMoveToGoal.Losses.ValueLoss.mean": {
            "value": 0.0002698666496144142,
            "min": 0.0002698666496144142,
            "max": 0.006486275112256408,
            "count": 5
        },
        "KinematicMoveToGoal.Losses.ValueLoss.sum": {
            "value": 0.0002698666496144142,
            "min": 0.0002698666496144142,
            "max": 0.006486275112256408,
            "count": 5
        },
        "KinematicMoveToGoal.Policy.LearningRate.mean": {
            "value": 0.00029698932100355994,
            "min": 0.00029698932100355994,
            "max": 0.0002993858402047199,
            "count": 5
        },
        "KinematicMoveToGoal.Policy.LearningRate.sum": {
            "value": 0.00029698932100355994,
            "min": 0.00029698932100355994,
            "max": 0.0002993858402047199,
            "count": 5
        },
        "KinematicMoveToGoal.Policy.Epsilon.mean": {
            "value": 0.19899644,
            "min": 0.19899644,
            "max": 0.19979528000000002,
            "count": 5
        },
        "KinematicMoveToGoal.Policy.Epsilon.sum": {
            "value": 0.19899644,
            "min": 0.19899644,
            "max": 0.19979528000000002,
            "count": 5
        },
        "KinematicMoveToGoal.Policy.Beta.mean": {
            "value": 0.004949922356,
            "min": 0.004949922356,
            "max": 0.004989784471999999,
            "count": 5
        },
        "KinematicMoveToGoal.Policy.Beta.sum": {
            "value": 0.004949922356,
            "min": 0.004949922356,
            "max": 0.004989784471999999,
            "count": 5
        }
    },
    "metadata": {
        "timer_format_version": "0.1.0",
        "start_time_seconds": "1635389865",
        "python_version": "3.8.8 (default, Apr 13 2021, 19:58:26) \n[GCC 7.3.0]",
        "command_line_arguments": "/home/jcroteau/anaconda3/envs/ml-agents/bin/mlagents-learn config/RecurrentKinematicMoveToGoal.yaml --run-id=UnityversityDemo1",
        "mlagents_version": "0.28.0.dev0",
        "mlagents_envs_version": "0.28.0.dev0",
        "communication_protocol_version": "1.5.0",
        "pytorch_version": "1.8.1+cu102",
        "numpy_version": "1.19.5",
        "end_time_seconds": "1635389955"
    },
    "total": 90.17481577699073,
    "count": 1,
    "self": 0.015602775907609612,
    "children": {
        "run_training.setup": {
            "total": 0.09717445104615763,
            "count": 1,
            "self": 0.09717445104615763
        },
        "TrainerController.start_learning": {
            "total": 90.06203855003696,
            "count": 1,
            "self": 0.09248152043437585,
            "children": {
                "TrainerController._reset_env": {
                    "total": 29.857839661999606,
                    "count": 1,
                    "self": 29.857839661999606
                },
                "TrainerController.advance": {
                    "total": 59.705719051591586,
                    "count": 3888,
                    "self": 0.04434553213650361,
                    "children": {
                        "env_step": {
                            "total": 59.66137351945508,
                            "count": 3888,
                            "self": 48.85751499206526,
                            "children": {
                                "SubprocessEnvManager._take_step": {
                                    "total": 10.756950905662961,
                                    "count": 3888,
                                    "self": 0.2816689335159026,
                                    "children": {
                                        "TorchPolicy.evaluate": {
                                            "total": 10.475281972147059,
                                            "count": 3866,
                                            "self": 3.2102588816778734,
                                            "children": {
                                                "TorchPolicy.sample_actions": {
                                                    "total": 7.265023090469185,
                                                    "count": 3866,
                                                    "self": 7.265023090469185
                                                }
                                            }
                                        }
                                    }
                                },
                                "workers": {
                                    "total": 0.04690762172685936,
                                    "count": 3887,
                                    "self": 0.0,