{
    "name": "root",
    "gauges": {
        "MoveToGoal.Policy.Entropy.mean": {
            "value": 1.3813612461090088,
            "min": 1.3813612461090088,
            "max": 1.4115700721740723,
            "count": 2
        },
        "MoveToGoal.Policy.Entropy.sum": {
            "value": 12830.0830078125,
            "min": 12830.0830078125,
            "max": 15244.95703125,
            "count": 2
        },
        "MoveToGoal.Step.mean": {
            "value": 19999.0,
            "min": 9993.0,
            "max": 19999.0,
            "count": 2
        },
        "MoveToGoal.Step.sum": {
            "value": 19999.0,
            "min": 9993.0,
            "max": 19999.0,
            "count": 2
        },
        "MoveToGoal.Policy.ExtrinsicValueEstimate.mean": {
            "value": 0.906990110874176,
            "min": -0.0871187299489975,
            "max": 0.906990110874176,
            "count": 2
        },
        "MoveToGoal.Policy.ExtrinsicValueEstimate.sum": {
            "value": 559.6129150390625,
            "min": -17.075271606445312,
            "max": 559.6129150390625,
            "count": 2
        },
        "MoveToGoal.Losses.PolicyLoss.mean": {
            "value": 0.2474473636187371,
            "min": 0.2440011906773109,
            "max": 0.2474473636187371,
            "count": 2
        },
        "MoveToGoal.Losses.PolicyLoss.sum": {
            "value": 21.527920634830128,
            "min": 10.492051199124369,
            "max": 21.527920634830128,
            "count": 2
        },
        "MoveToGoal.Losses.ValueLoss.mean": {
            "value": 0.00964495705574849,
            "min": 0.00964495705574849,
            "max": 0.07662491715869323,
            "count": 2
        },
        "MoveToGoal.Losses.ValueLoss.sum": {
            "value": 0.8391112638501186,
            "min": 0.8391112638501186,
            "max": 3.294871437823809,
            "count": 2
        },
        "MoveToGoal.Policy.LearningRate.mean": {
            "value": 0.00029089605131051255,
            "min": 0.00029089605131051255,
            "max": 0.00029611170827284185,
            "count": 2
        },
        "MoveToGoal.Policy.LearningRate.sum": {
            "value": 0.025307956464014594,
            "min": 0.0127328034557322,
            "max": 0.025307956464014594,
            "count": 2
        },
        "MoveToGoal.Policy.Epsilon.mean": {
            "value": 0.19696534942528734,
            "min": 0.19696534942528734,
            "max": 0.1987039023255814,
            "count": 2
        },
        "MoveToGoal.Policy.Epsilon.sum": {
            "value": 17.1359854,
            "min": 8.5442678,
            "max": 17.1359854,
            "count": 2
        },
        "MoveToGoal.Policy.Beta.mean": {
            "value": 0.00048513021218390793,
            "min": 0.00048513021218390793,
            "max": 0.0004936491213953487,
            "count": 2
        },
        "MoveToGoal.Policy.Beta.sum": {
            "value": 0.04220632845999999,
            "min": 0.021226912219999994,
            "max": 0.04220632845999999,
            "count": 2
        },
        "MoveToGoal.Environment.EpisodeLength.mean": {
            "value": 16.252086811352253,
            "min": 16.252086811352253,
            "max": 147.8153846153846,
            "count": 2
        },
        "MoveToGoal.Environment.EpisodeLength.sum": {
            "value": 9735.0,
            "min": 9608.0,
            "max": 9735.0,
            "count": 2
        },
        "MoveToGoal.Environment.CumulativeReward.mean": {
            "value": 0.9849498327759197,
            "min": -0.27692307692307694,
            "max": 0.9849498327759197,
            "count": 2
        },
        "MoveToGoal.Environment.CumulativeReward.sum": {
            "value": 589.0,
            "min": -18.0,
            "max": 589.0,
            "count": 2
        },
        "MoveToGoal.Policy.ExtrinsicReward.mean": {
            "value": 0.9849498327759197,
            "min": -0.27692307692307694,
            "max": 0.9849498327759197,
            "count": 2
        },
        "MoveToGoal.Policy.ExtrinsicReward.sum": {
            "value": 589.0,
            "min": -18.0,
            "max": 589.0,
            "count": 2
        },
        "MoveToGoal.IsTraining.mean": {
            "value": 1.0,
            "min": 1.0,
            "max": 1.0,
            "count": 2
        },
        "MoveToGoal.IsTraining.sum": {
            "value": 1.0,
            "min": 1.0,
            "max": 1.0,
            "count": 2
        }
    },
    "metadata": {
        "timer_format_version": "0.1.0",
        "start_time_seconds": "1627074204",
        "python_version": "3.8.10 | packaged by conda-forge | (default, May 11 2021, 06:27:18) \n[Clang 11.1.0 ]",
        "command_line_arguments": "/Users/jcroteau/miniforge3/envs/pytorch/bin/mlagents-learn config/MoveToGoal.yaml --run-id=TestYaml2",
        "mlagents_version": "0.28.0.dev0",
        "mlagents_envs_version": "0.28.0.dev0",
        "communication_protocol_version": "1.5.0",
        "pytorch_version": "1.8.0",
        "numpy_version": "1.21.0",
        "end_time_seconds": "1627074235"
    },
    "total": 31.145670499999998,
    "count": 1,
    "self": 0.0027939169999982028,
    "children": {
        "run_training.setup": {
            "total": 0.0236035,
            "count": 1,
            "self": 0.0236035
        },
        "TrainerController.start_learning": {
            "total": 31.119273083,
            "count": 1,
            "self": 0.012729976000034782,
            "children": {
                "TrainerController._reset_env": {
                    "total": 9.30433575,
                    "count": 1,
                    "self": 9.30433575
                },
                "TrainerController.advance": {
                    "total": 21.759614980999967,
                    "count": 1382,
                    "self": 0.010928083000042221,
                    "children": {
                        "env_step": {
                            "total": 13.01954904000003,
                            "count": 1382,
                            "self": 12.682358999000073,
                            "children": {
                                "SubprocessEnvManager._take_step": {
                                    "total": 0.32896221899996014,
                                    "count": 1382,
                                    "self": 0.026618241999859293,
                                    "children": {
                                        "TorchPolicy.evaluate": {
                                            "total": 0.30234397700010085,
                                            "count": 884,
                                            "self": 0.04602102400009578,
                                            "children": {
                                                "TorchPolicy.sample_actions": {
                                                    "total": 0.25632295300000507,
                                                    "count": 884,
                                                    "self": 0.25632295300000507
                                                }
                                            }
                                        }
                                    }
                                },
                                "workers": {
                                    "total": 0.00822782199999672,
                                    "count": 1381,
                                    "self": 0.0,
                                    "children": {
                                        "worker_root": {
                                            "total": 21.722262478000015,
                                            "count": 1381,
                                            "is_parallel": true,
                                            "self": 9.846582693000085,