{
    "name": "root",
    "gauges": {
        "KinematicMoveToGoal.Policy.Entropy.mean": {
            "value": 0.573881208896637,
            "min": 0.573881208896637,
            "max": 1.418769359588623,
            "count": 75
        },
        "KinematicMoveToGoal.Policy.Entropy.sum": {
            "value": 5729.6298828125,
            "min": 5729.6298828125,
            "max": 16769.853515625,
            "count": 75
        },
        "KinematicMoveToGoal.Step.mean": {
            "value": 749961.0,
            "min": 9945.0,
            "max": 749961.0,
            "count": 75
        },
        "KinematicMoveToGoal.Step.sum": {
            "value": 749961.0,
            "min": 9945.0,
            "max": 749961.0,
            "count": 75
        },
        "KinematicMoveToGoal.Policy.ExtrinsicValueEstimate.mean": {
            "value": -0.09810608625411987,
            "min": -0.3887878954410553,
            "max": 0.5066356062889099,
            "count": 75
        },
        "KinematicMoveToGoal.Policy.ExtrinsicValueEstimate.sum": {
            "value": -16.481822967529297,
            "min": -66.09394073486328,
            "max": 83.08824157714844,
            "count": 75
        },
        "KinematicMoveToGoal.Environment.EpisodeLength.mean": {
            "value": 570.5263157894736,
            "min": 436.24,
            "max": 599.2105263157895,
            "count": 75
        },
        "KinematicMoveToGoal.Environment.EpisodeLength.sum": {
            "value": 10840.0,
            "min": 7306.0,
            "max": 13181.0,
            "count": 75
        },
        "KinematicMoveToGoal.Environment.CumulativeReward.mean": {
            "value": -2.834801198542118,
            "min": -12.024977525075277,
            "max": -2.7122685804086575,
            "count": 75
        },
        "KinematicMoveToGoal.Environment.CumulativeReward.sum": {
            "value": -56.69602397084236,
            "min": -262.1550810933113,
            "max": -44.45697481185198,
            "count": 75
        },
        "KinematicMoveToGoal.Policy.ExtrinsicReward.mean": {
            "value": -2.834801198542118,
            "min": -12.024977525075277,
            "max": -2.7122685804086575,
            "count": 75
        },
        "KinematicMoveToGoal.Policy.ExtrinsicReward.sum": {
            "value": -56.69602397084236,
            "min": -262.1550810933113,
            "max": -44.45697481185198,
            "count": 75
        },
        "KinematicMoveToGoal.Losses.PolicyLoss.mean": {
            "value": 0.08307920712046325,
            "min": 0.05445656569791026,
            "max": 0.09136751492042094,
            "count": 75
        },
        "KinematicMoveToGoal.Losses.PolicyLoss.sum": {
            "value": 0.08307920712046325,
            "min": 0.05445656569791026,
            "max": 0.09136751492042094,
            "count": 75
        },
        "KinematicMoveToGoal.Losses.ValueLoss.mean": {
            "value": 0.00017287015383772087,
            "min": 0.00016962778696324676,
            "max": 0.03944616921246052,
            "count": 75
        },
        "KinematicMoveToGoal.Losses.ValueLoss.sum": {
            "value": 0.00017287015383772087,
            "min": 0.00016962778696324676,
            "max": 0.03944616921246052,
            "count": 75
        },
        "KinematicMoveToGoal.Policy.LearningRate.mean": {
            "value": 0.00029553903748698795,
            "min": 0.00029553903748698795,
            "max": 0.00029994033001988995,
            "count": 75
        },
        "KinematicMoveToGoal.Policy.LearningRate.sum": {
            "value": 0.00029553903748698795,
            "min": 0.00029553903748698795,
            "max": 0.00029994033001988995,
            "count": 75
        },
        "KinematicMoveToGoal.Policy.Epsilon.mean": {
            "value": 0.198513012,
            "min": 0.198513012,
            "max": 0.19998011000000002,
            "count": 75
        },
        "KinematicMoveToGoal.Policy.Epsilon.sum": {
            "value": 0.198513012,
            "min": 0.198513012,
            "max": 0.19998011000000002,
            "count": 75
        },
        "KinematicMoveToGoal.Policy.Beta.mean": {
            "value": 0.0049257992988,
            "min": 0.0049257992988,
            "max": 0.004999007489,
            "count": 75
        },
        "KinematicMoveToGoal.Policy.Beta.sum": {
            "value": 0.0049257992988,
            "min": 0.0049257992988,
            "max": 0.004999007489,
            "count": 75
        },
        "KinematicMoveToGoal.IsTraining.mean": {
            "value": 1.0,
            "min": 1.0,
            "max": 1.0,
            "count": 75
        },
        "KinematicMoveToGoal.IsTraining.sum": {
            "value": 1.0,
            "min": 1.0,
            "max": 1.0,
            "count": 75
        }
    },
    "metadata": {
        "timer_format_version": "0.1.0",
        "start_time_seconds": "1635203990",
        "python_version": "3.8.8 (default, Apr 13 2021, 19:58:26) \n[GCC 7.3.0]",
        "command_line_arguments": "/home/jcroteau/anaconda3/envs/ml-agents/bin/mlagents-learn config/RecurrentKinematicMoveToGoal.yaml --run-id=RecurrentNoStacksTheseus4 --force",
        "mlagents_version": "0.28.0.dev0",
        "mlagents_envs_version": "0.28.0.dev0",
        "communication_protocol_version": "1.5.0",
        "pytorch_version": "1.8.1+cu102",
        "numpy_version": "1.19.5",
        "end_time_seconds": "1635217224"
    },
    "total": 13233.787555988005,
    "count": 1,
    "self": 0.003863345002173446,
    "children": {
        "run_training.setup": {
            "total": 0.07223478000378236,
            "count": 1,
            "self": 0.07223478000378236
        },
        "TrainerController.start_learning": {
            "total": 13233.711457862999,
            "count": 1,
            "self": 1.786283859415562,
            "children": {
                "TrainerController._reset_env": {
                    "total": 9.96595209100633,
                    "count": 1,
                    "self": 9.96595209100633
                },
                "TrainerController.advance": {
                    "total": 13221.870337279586,
                    "count": 64100,
                    "self": 0.7384546536486596,
                    "children": {
                        "env_step": {
                            "total": 13221.131882625938,
                            "count": 64100,
                            "self": 13061.404885875745,
                            "children": {
                                "SubprocessEnvManager._take_step": {
                                    "total": 158.98125615350727,
                                    "count": 64100,
                                    "self": 4.325130216762773,
                                    "children": {
                                        "TorchPolicy.evaluate": {
                                            "total": 154.6561259367445,
                                            "count": 62917,
                                            "self": 52.087702686170815,
                                            "children": {
                                                "TorchPolicy.sample_actions": {
                                                    "total": 102.56842325057369,
                                                    "count": 62917,
                                                    "self": 102.56842325057369
                                                }
                                            }
                                        }
                                    }
                                },
                                "workers": {
                                    "total": 0.7457405966852093,
                                    "count": 64100,
                                    "self": 0.0,